{
    "scanId": "1LXtFkjw3qL",
    "step": 3,
    "location": {
        "viewpointId": "64565f72062245da87430cc31dd383d9",
        "ix": 117,
        "x": -4.3714799880981445,
        "y": -3.296999931335449,
        "z": 1.3836899995803833,
        "rel_heading": 0.0,
        "rel_elevation": 0.0,
        "rel_distance": 0.0
    },
    "heading": 0.7392098326593716,
    "elevation": 0.0,
    "viewIndex": 0,
    "navigableLocations": [
        {
            "viewpointId": "64565f72062245da87430cc31dd383d9",
            "ix": 117,
            "x": -4.3714799880981445,
            "y": -3.296999931335449,
            "z": 1.3836899995803833,
            "rel_heading": 0.0,
            "rel_elevation": 0.0,
            "rel_distance": 0.0
        }
    ]
}